Id,Email,Password,Nome,Cognome,Data_di_nascita
1,nome.cognome.1@email.it,5e884898da28047151d0e56f8dc6292773603d0d6aabbdd62a11ef721d1542d8,nome,cognome,2000-01-01
2,nome.cognome.2@email.it,5e884898da28047151d0e56f8dc6292773603d0d6aabbdd62a11ef721d1542d8,nome,cognome,2000-01-01
3,nome.cognome.3@email.it,5e884898da28047151d0e56f8dc6292773603d0d6aabbdd62a11ef721d1542d8,nome,cognome,2000-01-01
4,nome.cognome.4@email.it,5e884898da28047151d0e56f8dc6292773603d0d6aabbdd62a11ef721d1542d8,nome,cognome,2000-01-01
5,nome.cognome.5@email.it,5e884898da28047151d0e56f8dc6292773603d0d6aabbdd62a11ef721d1542d8,nome,cognome,2000-01-01
6,nome.cognome.6@email.it,5e884898da28047151d0e56f8dc6292773603d0d6aabbdd62a11ef721d1542d8,nome,cognome,2000-01-01
7,nome.cognome.7@email.it,5e884898da28047151d0e56f8dc6292773603d0d6aabbdd62a11ef721d1542d8,nome,cognome,2000-01-01
8,nome.cognome.8@email.it,5e884898da28047151d0e56f8dc6292773603d0d6aabbdd62a11ef721d1542d8,nome,cognome,2000-01-01
9,nome.cognome.9@email.it,5e884898da28047151d0e56f8dc6292773603d0d6aabbdd62a11ef721d1542d8,nome,cognome,2000-01-01
10,nome.cognome.10@email.it,5e884898da28047151d0e56f8dc6292773603d0d6aabbdd62a11ef721d1542d8,nome,cognome,2000-01-01
